keyword,acte,meig,geovis,strudel,total
generative models,0,0,0,1,1
earth observation,0,0,0,3,3
deep learning,12,22,3,29,66
unsupervised domain adaptation,0,0,0,1,1
remote sensing,20,0,2,37,59
generative ai,0,0,0,2,2
flow matching,0,0,0,1,1
sar interferometry insar,0,0,0,1,1
musicxml,0,0,0,1,1
quality,4,26,4,16,50
digital music score,0,0,0,1,1
multimedia csmm,0,0,0,1,1
fos computer and information sciences,0,0,0,3,3
city model,10,2,11,14,37
segmentation,9,4,5,23,41
point cloud,30,2,16,21,69
data,8,7,5,15,35
observatoires milieux-société,0,1,0,0,1
temps,0,1,0,0,1
espace,0,1,0,0,1
contexte,0,1,0,0,1
décision territoriale,0,1,0,0,1
graph mapping,0,1,0,0,1
llm,0,2,1,1,4
knowledge,1,14,0,16,31
sdg,0,2,0,0,2
stereo matching,1,0,0,0,1
brdf,1,0,0,0,1
neural radiance fields,1,0,0,0,1
bundle adjustment,3,0,1,0,4
geohistory,6,5,2,32,45
camera pose estimation,1,0,0,0,1
vision,8,0,0,7,15
photogrammetry,21,6,1,3,31
geospatial user feedback,0,1,1,0,2
integration,3,8,1,16,28
visualisation,5,9,21,11,46
digital twin,1,2,2,3,8
intégration de données,0,1,1,0,2
jumeau numérique,0,1,1,0,2
retour utilisateur géospatial,0,1,1,0,2
3d retrieval scalable retrieval 3d point cloud descriptors differentiable search index lidar-based place recognition,1,0,0,1,2
lidar-based place recognition,2,0,0,2,4
differentiable search index,1,0,0,1,2
3d point cloud descriptors,2,0,0,2,4
scalable retrieval,2,0,0,2,4
3d retrieval,2,0,0,2,4
semantic table interpretation,0,0,0,1,1
knowledge graphs,0,1,0,2,3
image,22,14,9,15,60
interprétation sémantique de tables,0,0,0,2,2
graphes de connaissances,0,1,0,1,2
extraction d'informations,0,0,0,4,4
htr,0,0,0,2,2
ner/nel,0,9,0,25,34
urban project,0,0,1,0,1
ecosystem services,0,0,2,1,3
green space,0,0,1,0,1
life cycle assesment,0,0,1,0,1
projets urbains,0,0,3,0,3
services écosystémiques,0,0,1,0,1
espaces verts,0,0,1,0,1
analyse de cycle de vie,0,0,2,0,2
indice de végétation,0,0,0,1,1
sentinel 2,0,0,0,2,2
spot 6,0,0,0,1,1
modèle génératif,0,0,0,1,1
inter capteurs,0,0,0,1,1
super résolution,0,0,0,1,1
text linking,0,0,0,1,1
ocr,0,0,0,10,10
hierarchical text detection,0,0,0,1,1
machine learning,13,16,4,23,56
qgis,0,2,0,0,2
python,0,1,0,0,1
open science,1,8,3,1,13
generalization,0,61,15,0,76
information retrieval,0,1,0,1,2
chunking,0,0,0,1,1
artificial intelligence,0,1,0,1,2
property directory,0,0,0,1,1
optical character recognition,0,0,0,2,2
directional spatial relationships,0,0,0,1,1
heritage collections,0,0,0,1,1
historical documents vision par ordinateur,0,0,0,1,1
rag semantic table interpretation,0,0,0,1,1
contextual ontology,0,0,0,1,1
semantic indexing,0,0,0,1,1
historical knowledge graph,0,0,0,1,1
named entities,0,0,0,1,1
historical urban gazetteer -knowledge graph -geographical entities evolution documents historiques,0,0,0,1,1
historical urban gazetteer -knowledge graph -geographical entities evolution documents historiques entités nommées graphe de connaissance historique indexation sémantique ontologie contextuelle rag historical documents named entities historical knowledge graph semantic indexing contextual ontology rag semantic table interpretation knowledge graphs information extraction htr ner historical documents vision par ordinateur collections patrimoniales musée coopération humain-machine computer vision heritage collections museum humanmachine cooperation ontology management conversational system formal concept analysis cultural heritage collection artificial intelligence digital humanities segmentation directional spatial relationships byzantine seals digital humanities image segmentation optical character recognition named entity recognition property directory artificial intelligence metrics digital humanities llm rag chunking information retrieval historical documents,0,0,0,1,1
human-machine cooperation ontology management,0,0,0,1,1
byzantine seals digital humanities,0,0,0,1,1
conversational system,0,0,0,1,1
formal concept analysis,0,0,0,1,1
cultural heritage collection artificial intelligence,0,0,0,1,1
digital humanities,10,1,1,38,50
rag historical documents,0,0,0,1,1
ontologie contextuelle,0,0,0,1,1
indexation sémantique,0,0,0,1,1
graphe de connaissance historique,0,0,0,1,1
entités nommées,0,0,0,1,1
rag,0,0,0,1,1
metrics digital humanities,0,0,0,1,1
museum,0,0,0,1,1
coopération humain-machine computer vision,0,0,0,1,1
musée,0,0,0,1,1
collections patrimoniales,0,0,0,1,1
computer vision and pattern recognition cscv,0,0,0,2,2
change detection,4,3,1,8,16
fuzzy logic,3,8,2,4,17
m3c2,0,2,0,2,4
semantics,4,21,3,41,69
gis,11,22,11,23,67
life cycle assessment,0,0,1,0,1
building simulation,0,0,1,0,1
energy needs,0,0,1,0,1
shading masks,0,0,1,0,1
urban projects,0,0,2,0,2
besoins énergétiques,0,0,1,0,1
masques solaires,0,0,1,0,1
géodonnées,0,0,2,0,2
simulation thermique dynamique,0,0,1,0,1
computing methodologies → model verification and validation,1,0,1,0,2
ccs concepts,2,0,1,1,4
rational computation,1,0,1,0,2
exact computation,1,0,1,0,2
buildings,4,4,8,11,27
mathematics 3d reconstruction,1,0,1,0,2
ccs concepts computing methodologies → model verification and validation,1,0,1,0,2
cross-country analysis,0,1,1,0,2
level of detail lod,0,1,1,0,2
river network,0,1,1,0,2
gnss traces,0,2,0,0,2
mobility,3,9,9,16,37
localization,4,0,1,3,8
composed image retrieval,1,0,0,1,2
dimensionality reduction,0,1,0,0,1
cahiers citoyens,0,4,0,1,5
community detection,0,1,0,0,1
language models,0,1,0,0,1
climate crisis,0,1,0,0,1
climate fiction,0,1,0,0,1
figurations,0,1,0,0,1
model exploration,1,5,1,19,26
perceptual cartography,0,1,0,0,1
cartographie perceptive,0,1,0,0,1
fiction climatique,0,1,0,0,1
crise climatique,0,1,0,0,1
map description,0,1,1,0,2
accessibility,0,9,7,0,16
topography,1,5,2,1,9
classification,9,5,3,35,52
spatial domain shift,0,0,0,1,1
domain generalization,0,0,0,1,1
average precision,0,0,0,1,1
hierarchical ranking,0,0,0,1,1
hierarchical average precision,0,0,0,1,1
non-decomposable,0,0,0,1,1
ranking,0,0,0,1,1
integrated management,0,1,0,0,1
flood risk,0,1,0,0,1
hydraulic modeling,0,1,0,0,1
lulc,2,11,0,23,36
explainable machine learning,0,1,0,1,2
shap values,0,1,0,1,2
classification de l'usage des sols,0,1,0,1,2
explicabilité de l’apprentissage automatique,0,1,0,1,2
fusion de données,0,2,0,2,4
valeurs shap,0,1,0,1,2
mots-clés  classification de l'usage des sols explicabilité land use classification explainable machine learning data-fusion shap values,0,1,0,1,2
mots-clés  classification de l'usage des sols,0,1,0,1,2
explicabilité land use classification,0,1,0,1,2
schema mapping,0,2,0,0,2
knowledge graph kg,0,1,0,0,1
large language model llm,0,1,0,0,1
sustainable development goals sdg,0,2,0,0,2
geographical entities evolution,0,0,0,2,2
historical urban gazetteer,0,0,0,2,2
évolution des entités géographiques,0,0,0,1,1
index géographique urbain historique,0,0,0,1,1
change,1,1,0,2,4
matching,6,9,2,10,27
collaborative platform,0,2,0,2,4
quality metadata,0,1,0,1,2
planning,4,12,8,31,55
building change conceptual model,0,1,0,1,2
tiling,0,2,1,0,3
compression,0,1,0,0,1
green cartography,0,2,1,0,3
urban tree,0,0,1,0,1
multi-source images,1,0,0,0,1
relative radiometric normalization,2,0,0,0,2
grand nancy metropolis,0,0,0,1,1
métropole du grand nancy ecological connectivity,0,0,0,1,1
red fox,0,0,0,2,2
landscape graph modeling,0,0,0,1,1
renard roux,0,0,0,1,1
connectivité écologique,0,0,0,1,1
graphab,0,0,0,1,1
modélisation de graphes paysagers,0,0,0,1,1
métropole du grand nancy ecological connectivity red fox graphab landscape graph modeling grand nancy metropolis,0,0,0,1,1
télédédection,0,0,0,1,1
lidar hd,0,0,0,1,1
archéologie,1,0,0,2,3
bassin parisien,0,0,0,1,1
vallée de l’eure,0,0,0,1,1
semantic interpretation of tables,0,0,0,1,1
historical document analysis,0,0,0,1,1
ensemble data,0,0,1,0,1
uncertainty,0,1,2,1,4
visual analysis,0,0,4,0,4
meteo-oceanic data,0,0,1,0,1
meteorological forecasting,0,0,1,0,1
decision making,0,0,1,0,1
web mapping,0,1,2,0,3
green computing,0,1,1,0,2
pre-training,0,0,0,1,1
self-supervised learning remote sensing multimodality pretraining,0,0,0,1,1
pretraining,0,0,0,1,1
stable diffusion,0,0,0,1,1
object detection,3,0,0,4,7
weakly supervised learning,0,0,0,1,1
zero-shot,0,0,0,1,1
art analysis,0,0,0,1,1
eure valley,0,0,0,1,1
archaeology,0,0,0,1,1
geomorphology,0,0,0,1,1
vallée de l'eure,0,0,0,1,1
géomorphologie,0,0,0,1,1
abstracts of the ica,0,1,0,0,1
multi-scale cartography,0,1,0,0,1
sustainability,0,3,0,4,7
benthic habitats,1,0,0,0,1
bathymetry,1,0,0,1,2
desis,1,0,0,0,1
persons with reduced mobility,0,1,0,0,1
citizen science,0,37,1,10,48
cycling network,0,1,0,0,1
data evolution,0,1,0,0,1
multiplex graph,0,2,0,0,2
route generation,0,1,0,0,1
visualization of origin-destination flow data,0,0,1,0,1
visualization of spatio-temporal data,0,0,1,0,1
analyse visuelle,0,0,2,0,2
visualisation de données spatio-temporelles,0,0,1,0,1
visualisation de flux origine-destination,0,0,1,0,1
occlusions,1,0,0,0,1
structured mesh,1,0,0,0,1
textured mesh,3,0,0,0,3
maillage structuré,1,0,0,0,1
3d model,6,3,3,6,18
modèles de ville,1,0,0,0,1
bikeability bike circulation lane agregation,0,1,0,0,1
cyclabilité vélo voie de circulation agrégation,0,1,0,0,1
apprentissage,2,0,0,0,2
passage à l'échelle,1,0,0,0,1
imagerie par satellite,1,0,0,0,1
3d retrieval scalable retrieval 3d point cloud descriptors differentiable search index dsi lidar-based place recognition,1,0,0,1,2
differentiable search index dsi,1,0,0,1,2
analyse du cycle de vie projets urbains spatialisation régionalisation géodonnées besoins systèmes d'information géographique sig life cycle analysis lca urban projects spatialisation regionalisation geodata geographical information systems gis,0,0,1,0,1
analyse du cycle de vie,0,0,1,0,1
spatialisation,0,0,1,0,1
régionalisation,0,0,1,0,1
besoins,0,0,1,0,1
systèmes d'information géographique sig life cycle analysis lca,0,0,1,0,1
regionalisation,0,0,1,0,1
geographical information systems gis,0,0,1,0,1
annotation sémantique de tables,0,0,0,1,1
cadastre,0,0,0,1,1
dictionnaire,1,0,0,1,2
glossaire,1,0,0,1,2
lexique,1,0,0,1,2
cadastre ancien,0,0,0,1,1
interprétation sémantique de tables anciennes,0,0,0,1,1
spatial reference systems,0,0,0,1,1
geosparql,0,0,0,1,1
coordinate reference systems,0,0,0,1,1
applied computer science,0,0,0,1,1
graph,1,1,0,3,5
latent space,1,0,0,1,2
road,0,8,4,3,15
district scale,0,0,2,0,2
neighborhood scale,0,0,1,0,1
calibration,3,0,0,0,3
rendering computer graphics,1,0,0,0,1
multimodal sensors,1,0,0,0,1
three-dimensional displays,1,0,0,0,1
intelligent robots,1,0,0,0,1
proposals,1,0,0,0,1
reliability,1,0,0,0,1
spatiotemporal phenomena,1,0,0,0,1
interaction,5,7,6,5,23
zooming,0,4,3,0,7
web maps,0,1,1,0,2
scalable,0,0,0,1,1
superpoint,0,0,0,2,2
graph clustering,0,0,0,1,1
lightweight,0,0,0,2,2
efficient,0,0,0,3,3
cycling network data quality data evolution data modeling volunteered geographical information,0,1,0,0,1
réseau cyclable qualité des données évolution des données modélisation information géographique volontaire,0,1,0,0,1
graph-based visualization and structuring,1,0,0,0,1
visual and spatial collection structuring,1,0,0,0,1
re-ranking,3,0,0,2,5
structuration et visualisation basée graphe,1,0,0,0,1
structuration visuelle et spatiale des collections,1,0,0,0,1
re-ordonnancement des résultats,1,0,0,0,1
recherche d'images par contenu visuel,1,0,0,0,1
nature en ville,0,2,0,2,4
risque tique,0,2,0,2,4
spatial analysis,3,20,0,17,40
enquêtes,0,1,0,1,2
acteurs publics,0,2,0,2,4
ontology population,0,0,0,1,1
geocoding,0,13,4,8,25
time- geography,0,0,0,1,1
pauses,0,0,0,1,1
outdoor recreation,0,0,0,1,1
pattern,0,2,1,1,4
gps / gnss,11,2,1,6,20
collaborative,0,2,0,3,5
steganography,0,0,0,1,1
image translation,0,0,0,1,1
gan,0,1,0,1,2
hierarchical representation,0,0,0,1,1
musical grammar,0,0,0,1,1
rhythmic tree,0,0,0,1,1
style,0,6,14,7,27
deep leaning,0,0,0,1,1
diffusion models,0,0,0,1,1
district,0,0,1,0,1
intensity of uses,0,0,1,0,1
city information modeling cim,0,0,1,0,1
language,0,17,0,13,30
grand débat national,0,1,0,0,1
corpus,0,3,0,1,4
modèle de langue,0,1,0,0,1
vecteur de plongement,0,1,0,0,1
urban,3,2,2,5,12
urbain du futur,0,1,0,0,1
science-fiction,0,1,0,0,1
réduction de dimensions,0,1,0,0,1
enquête,0,1,0,1,2
numérisation,1,0,1,1,3
gt données numériques,1,0,1,1,3
scale factor,1,0,0,0,1
multi-resolution images,1,0,0,0,1
données patrimoniales,1,0,0,1,2
estimation de pose,2,0,0,2,4
recherche d'image par contenu visuel,1,0,0,1,2
honey bees,1,1,0,0,2
waggle dance,2,2,0,0,4
localisation,9,2,1,7,19
spatial accuracy,1,2,0,0,3
cartography,8,48,14,22,92
tree crops monitoring,1,0,0,0,1
c band,1,0,0,0,1
radar sensors,1,0,0,0,1
capteurs radar,1,0,0,0,1
suivi cultures arbirées,1,0,0,0,1
band c,1,0,0,0,1
graph visualization,3,0,0,3,6
geographical iconographic heritage,1,0,0,1,2
information systems → top-k retrieval in databases,1,0,0,1,2
image search,1,0,0,1,2
• human-centered computing → interactive systems and tools,1,0,0,1,2
• applied computing → arts and humanities image retrieval,1,0,0,1,2
ccs concepts information systems → top-k retrieval in databases image search • human-centered computing → interactive systems and tools visualization • applied computing → arts and humanities image retrieval,1,0,0,1,2
large language model,0,2,0,1,3
reconstruction,16,0,3,4,23
location,0,0,0,1,1
spatial source,0,0,0,1,1
neo4j,0,1,0,0,1
uml,0,2,0,0,2
odd,0,1,0,0,1
textometric analysis,0,1,0,1,2
volunteered citizen words,0,1,0,1,2
spatialized corpus analysis,0,1,0,1,2
useless word,0,1,0,1,2
contribution citoyenne,0,1,0,1,2
analyse textométrique,0,1,0,1,2
analyse spatiale de corpus,0,1,0,1,2
mot inutilisable,0,1,0,1,2
notre-dame de paris cathedral,1,0,0,0,1
2d/3d alignment,1,0,0,0,1
vault diagnosis,1,0,0,0,1
experimental in-situ multi-sensors gnss trajectories,0,1,0,0,1
crowdsourced trajectory,0,1,0,0,1
trajectory aggregation,0,2,0,0,2
sober ai,0,0,0,2,2
multimodal learning,0,0,0,2,2
efficiency,0,0,0,1,1
sobriété,0,0,0,1,1
apprentissage multi-modal,0,0,0,1,1
efficacité,0,0,0,1,1
polyhedral modeling,1,0,1,0,2
half-edge structure,1,0,1,0,2
plane arrangements,1,0,1,0,2
multimodal data linking,2,0,0,2,4
iconographic heritage,2,0,0,2,4
structuring,2,0,0,2,4
discoverability,2,0,0,2,4
investigation,2,0,0,2,4
simulation,0,9,3,25,37
synchronized mutli camera,1,0,0,0,1
unmanned autonomous surface vehicle,1,0,0,0,1
view pose estimation,1,0,0,0,1
underwater photogrammetry,1,0,0,0,1
mutli camera synchronisé,1,0,0,0,1
robot autonome de surface,1,0,0,0,1
estimation de la pose,2,0,0,0,2
photogrammétrie sous-marine,1,0,0,0,1
surface continentale,1,0,0,0,1
changement climatique,1,0,0,0,1
few shot classification,0,0,0,1,1
prompt learning,0,0,0,1,1
local and global prompts,0,0,0,1,1
robustness,0,1,0,2,3
ood detection,0,0,0,1,1
textometry,0,2,0,0,2
science fiction,0,2,0,0,2
neologism,0,1,0,0,1
named entity linking,0,1,0,1,2
environment,3,4,1,5,13
habitat,0,0,0,1,1
fox,0,0,0,1,1
python library,0,2,0,0,2
synthetic trajectory,0,1,0,0,1
sécurité,0,0,0,1,1
alerte,0,0,0,2,2
acoustique,0,0,0,2,2
documentation photographique,0,0,1,0,1
réalité virtuelle,0,0,1,0,1
réalité mixte,0,0,1,0,1
études collaboratives,0,0,1,0,1
sciences du patrimoine,0,0,1,0,1
epidemiology modeling tool,0,0,0,1,1
robust estimation,0,0,0,1,1
majorization-minimization,0,0,0,1,1
low-rank factorization,0,0,0,2,2
correlation matrix,0,0,0,1,1
ccs concepts • information systems → spatial-temporal systems trajectory aggregation,0,1,0,0,1
synthetic and real world trajectories,0,1,0,0,1
very high-resolution vhr imagery,0,1,0,1,2
eye-tracking,0,2,2,0,4
saliency,0,1,2,0,3
place recognition,1,0,0,1,2
qualitative location,1,0,0,1,2
qualitative spatial relation,1,0,0,1,2
place descriptor,1,0,0,1,2
place signature,1,0,0,1,2
graph learning,0,0,0,2,2
gaussian graphical models,0,0,0,1,1
optimisation,5,3,2,13,23
nlp - disambiguation - polysemy - camembert - embedding vector - fine tuning - classification - city - science fiction - corpus,0,1,0,0,1
tal - désambiguïsation - polysémie - camembert - vecteur de plongement - affinement - classification - ville - science fiction - corpus,0,1,0,0,1
apprentissage multimodal,0,0,0,1,1
large-scale,0,0,0,3,3
ia sobre,0,0,0,1,1
grande échelle,0,0,0,1,1
efficace,0,0,0,1,1
radiometric harmonization,1,0,0,0,1
cyclegan,1,0,0,0,1
analyse sémantique,0,1,0,0,1
geospatial data,0,0,0,1,1
automation,4,2,3,1,10
street intersections,0,0,1,0,1
multi-modal data fusion,0,0,0,1,1
tweet,0,1,0,1,2
imaging spectroscopy signal-to-noise ratio spectral sampling image quality mineralogy soil moisture content tree species leaf functional traits bottom classification shallow water bathymetry seabed urban land cover plume aerosols methane,0,0,0,1,1
bande dessinée,0,1,2,0,3
neighborhood,0,0,1,0,1
software,0,1,2,1,4
ecodesign,0,0,2,0,2
search engines,0,1,0,0,1
spatial datasets,0,1,0,0,1
relevance,0,1,0,0,1
jeux de données géographiques,0,1,0,0,1
pertinence,0,1,0,0,1
moteurs de recherche,0,1,0,0,1
métadonnées géographiques,0,1,0,0,1
error propagation,0,1,1,0,2
polygon data matching,0,1,0,0,1
shape similarity,0,1,0,0,1
radial distance,0,1,0,0,1
ner on noisy texts,0,0,0,1,1
pre-trained language models,0,0,0,1,1
nested name entity recognition,0,0,0,1,1
education,0,2,0,0,2
map stories,0,1,0,0,1
edugeo,0,1,0,0,1
geodata discovery,0,1,0,0,1
portal,0,1,0,0,1
signal processing,5,0,0,5,10
multimedia,5,0,0,5,10
entry separation,0,0,0,1,1
layout analysis,0,0,0,1,1
text token classication,0,0,0,1,1
multi-modal features,0,0,0,1,1
retour d'expérience,0,0,1,0,1
information extraction geographic information,0,1,0,1,2
computing methodologies → artificial intelligence,0,1,0,1,2
binary spatial relation,0,1,0,1,2
nested spatial entity,0,1,0,1,2
maritime ,0,7,0,8,15
computing methodologies → artificial intelligence natural language processing information extraction geographic information,0,1,0,1,2
geographic information science,0,0,0,1,1
science de l'information géographique,0,0,0,1,1
pleiades-hr images,1,0,0,0,1
lod1,1,0,0,0,1
semantic meshes,1,0,0,0,1
transformer,0,0,0,1,1
hierarchical partition,0,0,0,1,1
fast,0,0,0,1,1
translation,0,0,0,4,4
nomenclature,0,0,0,3,3
harmonisation,0,1,0,3,4
imagerie satellite,1,0,0,1,2
traduction,0,0,0,1,1
missing data,0,0,0,2,2
maximum likelihood,0,0,0,1,1
expectation-maximization algorithm,0,0,0,1,1
elliptical distributions,0,0,0,1,1
user survey,0,1,0,0,1
desert fog,0,2,1,0,3
pan,0,1,0,0,1
zoom,0,4,3,0,7
disorientation,0,2,1,0,3
intrinsic qualification,0,1,0,0,1
complex systems,0,0,0,3,3
catalogage de ressources,0,0,1,1,2
documentation de corpus de recherche,0,0,1,1,2
map analysis,0,1,0,2,3
information selection,0,1,0,1,2
experiment,0,1,0,1,2
source of information,0,1,0,1,2
sensitive map,0,7,0,7,14
nested named entity recognition,0,0,0,1,1
sensible cartography,0,1,0,1,2
cartographie sensible,0,1,0,1,2
expérimentation,0,1,0,1,2
analyse de carte,0,1,0,1,2
perception sensible,0,1,0,1,2
geographic iconographic heritage,1,0,0,1,2
content interlinking,1,0,0,1,2
horizon line contour,1,0,0,0,1
ground-based,1,0,0,0,1
fisheye camera,1,0,0,0,1
fisheye camera geolocation ground-based matching horizon line contour lidar,1,0,0,0,1
dempster-shafer theory,0,1,0,1,2
warning sirens,0,0,0,1,1
audibility of sound sources,0,0,0,1,1
noise mapping,0,0,0,1,1
noisemodelling,0,0,0,1,1
audibility maps,0,0,0,1,1
supervised classification,0,0,0,1,1
geospatial imagery,0,0,0,4,4
détection de changement,0,0,0,1,1
imagerie géospatiale,0,0,0,1,1
cameroun,0,0,0,1,1
automated mapping,0,0,1,0,1
cartographie automatisée,0,0,1,0,1
déficience visuelle,0,0,1,0,1
orientation et mobilité,0,0,1,0,1
behaviour,1,1,0,0,2
foraging,1,1,0,0,2
animal communication,1,1,0,0,2
honeybee,1,1,0,0,2
data extraction,0,0,0,1,1
image registration,0,0,0,1,1
recalage d'images,0,0,0,1,1
analyse de cartes,0,0,0,1,1
mountain rescue,0,8,0,1,9
spatial data enrichment,0,1,0,0,1
semantic enhancement,0,1,0,0,1
smooth signed distance,1,0,0,0,1
robust and efficient surface reconstruction,1,0,0,0,1
point set structuring,1,0,0,0,1
delaunay-graph neural network,1,0,0,0,1
poisson,1,0,0,0,1
graph-cut,2,0,1,1,4
generation,2,3,2,2,9
low-rank factor models,0,0,0,1,1
memory,0,1,1,0,2
mental map,0,1,1,0,2
cartes transscalaires,0,1,1,0,2
language model training,0,1,0,1,2
spatial relations recognition,0,1,0,1,2
entraînement de modèles de langue,0,1,0,1,2
workflow,0,1,0,0,1
map generalisation generative adversarial network deep learning workflow,0,1,0,0,1
infectious disease,0,0,0,1,1
radical cartography,0,1,0,1,2
systematic review,0,0,0,1,1
progressiveness,0,1,1,0,2
rationalities,0,1,0,1,2
data enrichment,1,1,0,1,3
cartographic landmarks,0,2,0,0,2
cartographic anchors,0,1,0,0,1
perception,0,4,3,2,9
future urban,0,1,0,0,1
dimension reduction,0,1,0,0,1
cycling,0,1,0,0,1
spatial cognition,0,1,0,0,1
pan-scalar map,0,1,0,0,1
auto-calibration,1,0,0,0,1
surface 3d deformation,1,0,0,0,1
cubesat,1,0,0,0,1
satellite photogrammetry,1,0,0,0,1
déformation 3d,1,0,0,0,1
photogrammétrie par satellite,1,0,0,0,1
intégration de données géographiques hétérogènes,0,1,0,0,1
métadonnées de qualité,0,1,0,0,1
enrichissement des données géographiques,0,1,0,0,1
web based mapping,0,1,0,0,1
structuralism,0,1,0,0,1
representation learning,0,0,0,1,1
time-series,1,0,0,4,5
constrained clustering,0,0,0,1,1
shapelets,0,0,0,1,1
réseaux génératifs antagonistes,0,1,0,0,1
systèmes d'information géographique,0,1,0,0,1
point d’intérêts,0,1,0,0,1
panneaux d’affichage numérique,0,1,0,0,1
ville intelligente,0,1,0,0,1
relation spatiale,0,2,0,0,2
zone montagneuse,0,1,0,0,1
parangonnage,1,0,0,0,1
multilatération,1,0,0,0,1
génération automatique de code,1,0,0,0,1
dall·e,1,0,0,0,1
chatgpt,1,0,0,0,1
outil conversationnel,1,0,0,0,1
intelligence artificielle,1,1,0,0,2
institutional database,0,1,0,0,1
pollution,0,5,0,0,5
geo-located information,0,1,0,0,1
base de données institutionnelle,0,1,0,0,1
pollution industrielle,0,1,0,0,1
information géolocalisée,0,1,0,0,1
surface reconstruction point clouds deep learning mesh generation survey benchmark,1,0,0,1,2
survey,1,1,0,1,3
governance,0,0,1,0,1
feedback,0,0,1,0,1
operationalization,0,0,1,0,1
opérationnalisation,0,0,1,0,1
retour d’expérience,0,0,1,0,1
gouvernance,0,0,1,0,1
mountain rescue operation,0,2,0,2,4
semantic landmarks,0,1,0,1,2
lightweight ontology,0,2,0,2,4
multitemporal images,0,0,0,1,1
unsupervised learning,0,0,0,1,1
change detection semi-supervised learning unsupervised learning clustering multitemporal images deep learning,0,0,0,1,1
constraint,0,2,1,0,3
semantic,0,1,0,2,3
ontologie légère,0,1,0,1,2
objets de repère,0,1,0,1,2
référentiel de données géographiques,0,1,0,1,2
sémantique,0,1,0,1,2
nested ner,0,0,0,1,1
quartier,0,0,1,0,1
préconisations,0,0,1,0,1
intensité urbaine,0,0,1,0,1
analyses urbaines,0,0,1,0,1
réseau hydrographique,0,1,1,0,2
design,0,1,2,0,3
multimodal deep learning,0,1,0,0,1
public transport disruption,0,0,0,1,1
georeferencing,2,5,0,5,12
water-management strategies,1,0,0,0,1
subsurface anthropogenic activity,1,0,0,0,1
interferometric techniques,1,0,0,0,1
spaceborne synthetic aperture radar,1,0,0,0,1
space-based geodetic tool,1,0,0,0,1
human activity,1,0,0,0,1
ground surface deformation,1,0,0,0,1
fluid extraction,1,0,0,0,1
cavity excavation,1,0,0,0,1
iot,0,0,1,0,1
digital transition,0,0,1,0,1
urban scale,0,0,1,0,1
multi-scale analysis,0,0,1,1,2
mathematical morphology,0,0,1,1,2
spatial auto-correlation,0,0,1,1,2
wallis adaptive filter,0,0,1,1,2
karhunen-loève transform,0,0,1,1,2
hotspot correction,0,0,2,2,4
radiometry,0,0,2,2,4
orthophotomosaic,0,0,2,2,4
analogue photography,0,0,2,2,4
gestalt,0,2,2,0,4
resolution,0,7,3,6,16
échelle,0,2,1,0,3
point de repère,0,1,1,0,2
observation filters,0,1,0,1,2
urban space,0,1,0,1,2
computational cartography,0,1,0,0,1
cartographie -- informatique,0,1,0,0,1
validation methods and products,0,0,0,1,1
nordic and arctic cities,0,0,0,1,1
south cities,0,0,0,1,1
urban change modelling,0,0,0,1,1
urban fabric mapping,0,0,0,1,1
topology,0,0,0,1,1
shortest path,0,0,0,1,1
leakage loss,0,0,0,1,1
thematic mapping,0,1,0,0,1
maps for people with visual impairments,0,1,0,0,1
3d printing,0,2,1,0,3
multiple criteria analysis,0,1,0,0,1
promethee,0,1,0,0,1
electre,0,1,0,0,1
grasslands,0,0,0,1,1
services écosystémiques,0,0,0,1,1
prairies,0,0,0,1,1
séries temporelles,0,0,0,1,1
projective texturing,0,0,3,0,3
indice de moran local,0,2,0,2,4
nom de lieu,0,3,0,3,6
life story,0,7,0,7,14
submersion marine,0,0,0,1,1
la rochelle,0,0,0,1,1
tempête,0,0,0,1,1
surcôte,0,0,0,1,1
risque,0,0,0,1,1
sailing directions,0,1,0,1,2
landscape planning,0,0,0,1,1
multi-source data,0,0,0,1,1
crisis management,0,1,1,1,3
computer science,1,0,0,0,1
data collection and validation,0,1,0,1,2
euro sdr,0,1,0,1,2
statistical analysis,0,1,0,0,1
tree cloud,0,1,0,0,1
analyse statistique,0,1,0,0,1
nuage arboré,0,1,0,0,1
textométrie,0,1,0,0,1
intersection,0,1,0,0,1
data model,0,1,0,0,1
forest,4,0,1,2,7
radar,9,0,0,6,15
geospatial descriptors,2,0,0,2,4
graph embeddings,1,0,0,1,2
time series,0,0,0,7,7
series temporelles,0,0,0,1,1
guidelines,0,1,0,0,1
production methods,0,1,0,0,1
symbology,0,1,0,0,1
standardization,0,1,0,0,1
design principles,0,1,0,0,1
perceptual survey,0,1,0,0,1
visual cognition,0,1,0,0,1
évaluation de la qualité,0,1,0,0,1
geographic metadata,0,1,0,0,1
iso 19115,0,1,0,0,1
iso 19157,0,1,0,0,1
graph convolution,0,1,0,0,1
convolution sur les graphes,0,1,0,0,1
embankment,0,1,1,0,2
displacement,2,1,1,0,4
least squares,0,2,1,0,3
&ampamp,0,1,1,0,2
p&ampamp,0,1,1,0,2
div&ampamp,0,1,1,0,2
mots-clés  généralisation cartographique,0,1,1,0,2
moindres carrés,0,1,1,0,2
carte topographique,0,1,1,0,2
spatial data infrastructures,0,1,0,0,1
urbanvis,0,0,1,1,2
climate,0,1,1,1,3
time sereis representation,0,0,0,1,1
shapelets de séries temporelles,0,0,0,1,1
training dataset,0,1,0,1,2
jeu de données d'entraînement,0,1,0,1,2
data completeness improvement,0,1,0,0,1
air quality,0,1,0,0,1
mobile mapping,10,1,5,1,17
sensor data,0,1,0,0,1
data completeness,0,1,0,0,1
optical image processing,1,0,0,0,1
virtual geographic environment,0,1,1,0,2
online user study,0,1,1,0,2
pose estimation,6,0,0,2,8
self-calibration,1,0,0,0,1
multi-epoch,2,0,0,0,2
auto-étalonnage,1,0,0,0,1
multi-époques,1,0,0,0,1
appariement des caractéristiques,1,0,0,0,1
constraints,0,7,0,0,7
coastal maritime environment,0,1,0,1,2
annotation cost,0,0,0,1,1
securite,0,0,0,1,1
source sonore,0,0,0,1,1
web gis,0,1,0,0,1
metadata clustering,0,1,0,0,1
search engine,0,1,0,0,1
metadata standards,0,1,0,0,1
similarity measure,0,1,0,0,1
spatial dataset search,0,1,0,0,1
cultural heritage ch,0,1,0,0,1
global change,0,1,0,0,1
maquette,1,0,0,0,1
model 3d,1,0,0,0,1
reconstruction de surfaces,1,0,0,0,1
historical aerial photographs landslides micmac south italy dsm comparison,1,0,0,0,1
landslides,1,0,0,0,1
micmac,3,0,0,0,3
south italy,1,0,0,0,1
dsm comparison,1,0,0,0,1
ontologie coastal maritime environment,0,1,0,1,2
environnement maritime côtier instructions nautiques navigation maritime côtière ontologie coastal maritime environment instructions nautiques coastal maritime navigation ontology,0,1,0,1,2
capteur,1,0,0,0,1
structure,1,0,0,0,1
ouvrage d'art,1,0,0,0,1
surveillance,2,0,0,0,2
cartography -- computer science,0,1,0,0,1
vegetation,2,0,0,7,9
evolution patterns,0,1,0,0,1
evolution analysis,0,1,0,0,1
massive imports,0,1,0,0,1
archives géographiques,0,0,0,1,1
ancient text,0,0,0,1,1
ocr errors,0,0,0,1,1
bert,0,0,0,1,1
textes anciens,0,0,0,1,1
geotagging,0,1,0,1,2
dual-encoder,0,1,0,1,2
mention detection,0,1,0,1,2
double encodeur,0,1,0,1,2
annotation sémantique,0,1,0,1,2
vocabulaires liés,0,0,0,1,1
sdgs,0,0,0,1,1
operational,0,0,0,3,3
country-scale,0,0,0,1,1
acl,0,1,0,1,2
coupe,1,0,0,0,1
écorché,1,0,0,0,1
multitechnique,1,0,0,0,1
contrôle qualité,1,0,0,0,1
visite virtuelle,1,0,0,0,1
maillage,1,0,0,0,1
uav,11,0,0,0,11
lasergrammétrie,1,0,0,0,1
cognitive science,0,1,1,0,2
drawing,0,1,1,0,2
cognitive mapping,0,1,1,0,2
technical domain,0,1,0,1,2
seed ontology,0,1,0,1,2
ontology development methodology,0,1,0,1,2
low-level ontology development,0,1,0,1,2
multimodal data analytics,1,0,0,1,2
similarity metrics,1,0,0,1,2
content-based retrieval,1,0,0,1,2
pattern detection,0,1,0,0,1
multi-scale anchor,0,1,0,0,1
observatories,1,0,0,0,1
reflection,1,0,0,0,1
point sampling,1,0,0,0,1
hyperspectral imagery,0,0,0,1,1
impervious surface,0,0,0,1,1
solar panels,0,0,0,1,1
végétation,0,0,0,1,1
panneaux photovoltaïques,0,0,0,1,1
surfaces imperméables,0,0,0,1,1
image hyperspectrale,0,0,0,1,1
optical target target orientation image processing algorithm geometry ellipse fitting computer vision overexposure exposure compensation resection,1,0,0,0,1
bridges,1,0,0,0,1
thermal effects,1,0,0,0,1
structural health monitoring,1,0,0,0,1
geographic knowledge base,0,0,0,1,1
base de connaissances géographiques,0,0,0,1,1
geographic and cartographic archival records,0,0,0,1,1
archival records metadata,0,0,0,1,1
documents d'archives géographiques et cartographiques,0,0,0,1,1
use,0,1,0,1,2
lockdown,0,1,0,1,2
usage,0,1,0,1,2
perception de l'espace,0,1,0,1,2
confinement,0,1,0,1,2
agriculture,0,0,0,3,3
lpis,0,0,0,1,1
country scale,0,0,0,1,1
operational system,0,0,0,1,1
optical,0,0,0,1,1
flash flood,0,0,1,0,1
hydraulics data,0,0,1,0,1
hydraulics,0,0,1,0,1
crue,0,0,1,0,1
traitement des donnees,1,0,1,0,2
donnee,0,0,1,0,1
hydraulique,0,0,1,0,1
competition,0,0,0,1,1
covid-19,0,1,0,0,1
geomasking,0,1,0,0,1
spatial anonymization,0,1,0,0,1
k-anonymity,0,1,0,0,1
territory evolution,1,0,0,1,2
embedded systems,1,0,0,0,1
tracking,2,0,1,0,3
camera,1,0,0,0,1
imu,2,0,0,0,2
ekf,1,0,0,0,1
systèmes embarqués,1,0,0,0,1
suivi,1,0,0,0,1
caméra,1,0,0,0,1
gcn,1,0,0,1,2
contrastive learning,1,0,0,1,2
graph embedding,1,0,0,1,2
• information systems → image search,1,0,0,1,2
image representations,1,0,0,1,2
• computing methodologies → feature selection,1,0,0,1,2
navigation,0,0,0,1,1
sedimentology,0,0,0,1,1
données ouvertes liées,1,0,0,1,2
rdf,1,0,0,1,2
plateforme web de navigation,1,0,0,1,2
records in contexts ontology ric-o,1,0,0,1,2
indexation par contenu,1,0,0,1,2
photographie aérienne,1,0,0,1,2
deep-learning,0,0,0,1,1
occupation / usage du sol,0,0,0,1,1
semantique,0,0,0,1,1
virtual geographic environments,0,1,1,0,2
3d geovisualization,0,1,1,0,2
strategic behavior,0,1,1,0,2
epipolar rectification,1,0,0,0,1
generic camera,1,0,0,0,1
pushbroom sensor,1,0,0,0,1
central perspective,1,0,0,0,1
word embedding,0,1,0,0,1
semantic annotation,0,1,0,0,1
geographical encoding,0,0,0,1,1
convolutional neural network,0,0,0,1,1
spatial information infrastructures,1,1,0,1,3
synergy,1,1,0,1,3
cultural,1,1,0,1,3
smart cities,1,1,0,1,3
local moran’s index,0,1,0,1,2
first-passage time,0,0,0,1,1
landscape,0,0,0,3,3
klt,0,0,1,1,2
pca,0,0,1,1,2
selection,0,1,0,0,1
cross-domain,1,0,0,0,1
indexing,1,0,0,0,1
multi-source,1,0,0,0,1
indexation,1,0,0,0,1
description,1,0,0,0,1
disaster preparedness,0,1,0,1,2
meta-heuristics,0,1,0,1,2
vehicle routing,0,1,0,1,2
drivers of deforestation,1,0,0,0,1
continuous monitoring,1,0,0,0,1
cause du déboisement,1,0,0,0,1
suivi continu,1,0,0,0,1
forêt tropicale,1,0,0,0,1
déboisement,1,0,0,0,1
visual perception,0,0,1,0,1
geometric distortion,0,0,1,0,1
perception visuelle,0,0,1,0,1
rendu basé sur l'image,0,0,1,0,1
distorsion géométrique,0,0,1,0,1
dsm/dtm,0,2,1,5,8
contour line,0,2,0,0,2
graph kernels,0,0,0,1,1
scatnet,0,0,0,1,1
quality evaluation,0,0,0,1,1
error taxonomy,0,0,0,1,1
monitoring,1,0,0,2,3
regression,0,0,0,3,3
recurrent neural network rnn,0,0,0,1,1
gestion forestière,0,0,0,1,1
paysage,0,0,0,2,2
carte,0,1,0,2,3
temps de premier passage,0,0,0,1,1
raisonnement spatial,0,1,0,0,1
fusion d’informations,0,1,0,0,1
admm,0,0,0,1,1
label noise,0,0,0,1,1
forest loss detection,1,0,0,0,1
southeast asia,1,0,0,0,1
protected areas,1,0,0,0,1
forest alert,1,0,0,0,1
optical-sar comparison,1,0,0,0,1
french guiana,1,0,0,0,1
near real time deforestation,1,0,0,0,1
raisonement spatial,0,1,0,0,1
fusion d'informations,0,1,0,0,1
side modality learning,1,0,0,1,2
global image descriptor,1,0,0,1,2
depth from monocular,2,0,0,2,4
lock down,0,1,0,1,2
epidemic visualization,0,1,1,0,2
exploratory analysis,0,1,1,0,2
data processing,1,0,0,1,2
platform,1,0,0,1,2
shoreline,2,0,0,0,2
svm,2,0,0,0,2
sentinel images,2,0,0,1,3
ndwi,1,0,0,0,1
landsat images,1,0,0,0,1
coastal erosion,1,0,0,0,1
autonomous navigation,2,0,0,0,2
scans lidar,1,0,0,0,1
navigation autonome,2,0,0,0,2
human-centered computingvisualization geographic visualization,0,0,1,0,1
human-centered computingvisualizationvisualization design and evaluation methods--visualization techniques,0,0,1,0,1
réseaux siamois,1,0,0,1,2
recherche d'images multimodales par contenu,1,0,0,1,2
photogrammetry software,1,0,0,0,1
industrial photogrammetry,1,0,0,0,1
industrial photogrammetry photogrammetry software point cloud computer vision,1,0,0,0,1
very high spatial resolution,0,0,0,3,3
geospatial images,0,0,0,1,1
review,0,0,0,1,1
pervasive data,0,0,1,0,1
urban mobility,0,0,1,0,1
flow data,0,0,1,0,1
information visualization,0,0,1,0,1
photogrammetry mapping aerial bundle adjustment unmanned aerial vehicle gps,1,0,0,0,1
conceptual model,0,1,0,0,1
capitalization,0,1,0,0,1
legacy,0,2,0,0,2
mega sport event,0,1,0,0,1
sport event,0,1,0,0,1
olympic games,0,1,0,0,1
très haute résolution,0,0,0,1,1
very high resolution aerial imagery,0,0,0,1,1
mns,0,0,0,1,1
imagerie aérienne thr,0,0,0,1,1
taxonomie,0,0,0,1,1
qualification,0,0,0,1,1
modèle 3d de ville,0,0,0,1,1
global sfm,1,0,0,0,1
bundle adjustement,1,0,0,0,1
structure approximation,1,0,0,0,1
ablation study,0,0,0,1,1
gap filling,0,0,0,1,1
sentinels,0,0,0,1,1
mesh mosaic,1,0,0,0,1
mesh fusion,1,0,0,0,1
moving objects detection,1,0,0,0,1
visibility analysis,1,0,0,0,1
indoor reconstruction,1,0,0,0,1
geoportals,0,1,0,0,1
integration of geographic data,0,1,0,0,1
collaborative mechanisms,0,1,0,0,1
intégration données géographiques hétérogènes,0,1,0,0,1
qualité de données géographiques,0,1,0,0,1
mécanisme collaboratifs,0,1,0,0,1
recreation,0,0,0,2,2
spatio-temporal analysis,0,0,0,1,1
activités récréatives,0,0,0,1,1
analyse spatio-temporelle,0,0,0,2,2
high resolution satellite images,1,0,0,0,1
worldview-2,1,0,0,0,1
foam,1,0,0,0,1
carto-vandalism,0,1,0,0,1
données géographiques collaboratives,0,1,0,0,1
carto-vandalisme,0,1,0,0,1
qualité,0,1,0,1,2
aria,0,1,0,0,1
bases de données publiques,0,1,0,0,1
fusion et intégration de données,0,1,0,0,1
activités industrielles polluantes,0,1,0,0,1
s3ic,0,1,0,0,1
sis,0,1,0,0,1
basias,0,1,0,0,1
basol,0,1,0,0,1
géorisques,0,1,0,0,1
visually impaired,0,1,0,0,1
enrichissement de données,0,1,0,0,1
apprentissage machine,0,1,0,0,1
immersive analytics,0,0,1,0,1
extended reality,0,0,2,0,2
user studies,0,0,1,0,1
image indexing,2,0,0,1,3
siamese neural network,1,0,0,1,2
indexation d'images par le contenu,1,0,0,1,2
réseau de neurones siamois,1,0,0,1,2
multi-scale,0,1,0,0,1
thematic maps,0,1,0,0,1
augmented reality,0,0,3,0,3
situated visualization,0,0,1,0,1
vandalism,0,4,0,0,4
patron linguistique,0,0,0,1,1
multi-temporal,0,0,0,2,2
crop type classification,0,0,0,2,2
index terms-deep learning,0,0,0,2,2
analogue aerial images,1,0,0,0,1
immersion,0,0,1,0,1
nominal entity recognition,0,1,0,0,1
geographic information retrieval,0,1,0,0,1
spatial synthetic data,0,0,0,1,1
mediation,0,1,0,0,1
provenance,0,1,0,0,1
sdi,0,1,0,0,1
distortion,0,0,1,0,1
simplicial complexes,3,0,0,0,3
geometry,5,0,3,5,13
bundle block adjustment multi-head camera systems oblique images constrained cameras orientation,1,0,0,0,1
bundle block adjustment,1,0,0,0,1
multi-head camera systems,1,0,0,0,1
oblique images,2,0,0,0,2
constrained cameras,1,0,0,0,1
orientation,2,0,0,2,4
camera calibration,1,0,0,0,1
interior orientation,1,0,0,0,1
lens distortions,1,0,0,0,1
corridor mapping,2,0,0,0,2
camera calibration interior orientation lens distortions corridor mapping uavs,1,0,0,0,1
laser-scanning,1,0,0,0,1
hybridizing,1,0,0,0,1
time-dependent errors,1,0,0,0,1
photogrammetry laser-scanning lidar hybridizing imu time-dependent errors uavs,1,0,0,0,1
green infrastructure,0,1,0,0,1
ecological networks,0,1,0,0,1
orthophotograph,1,0,0,1,2
données géographiques vecteur,1,0,0,1,2
orthophotographies,1,0,0,1,2
archival aerial images,0,0,0,2,2
shipping flows,0,2,0,0,2
container shipping,0,1,0,0,1
complex networks,0,2,0,0,2
vessel movements,0,1,0,0,1
port hierarchy,0,1,0,0,1
spanish republicans,0,1,0,1,2
sentiment,0,1,0,1,2
oral corpus,0,1,0,1,2
visibility,0,0,4,0,4
multiplexing tools,0,0,1,0,1
chec,0,0,0,1,1
cartes anciennes,0,0,0,1,1
clermont,0,0,0,1,1
paroisses constitutionnelles,0,0,0,1,1
redécoupages administratifs,0,0,0,1,1
toponymes,0,0,0,1,1
vectorisation cartographie,0,0,0,1,1
xviiie siècle,0,0,0,1,1
france xviiie siècle,0,0,0,1,1
ehess,0,0,0,2,2
révolution française,0,0,0,1,1
vectorisation,0,0,0,1,1
spatial data infrastructure dsi,0,0,0,1,1
services,0,0,0,1,1
products,0,0,0,1,1
speed profile,0,1,0,0,1
floating car data,0,1,0,0,1
cartographie routière,0,1,0,0,1
profil de vitesse,0,1,0,0,1
signalisation routière,0,1,0,0,1
apprentissage statistique,0,1,0,0,1
anoxia,1,0,0,0,1
sulfur- oxidizing bacteria,1,0,0,0,1
sulfur-oxidizing bacteria,1,0,0,0,1
urban sprawl,0,0,0,1,1
variability,0,0,0,1,1
étalement urbain,0,0,0,1,1
étude de variabilité,0,0,0,2,2
aide à la décision,0,0,0,2,2
aménagement,0,0,0,2,2
evolutionnary algorithms,0,0,0,1,1
distributed computing model,0,0,0,1,1
registration,1,0,0,1,2
recalage,1,0,0,0,1
modèle 3d de villes,1,0,0,0,1
insar corner cube,1,0,0,0,1
thermal deformation,1,0,0,0,1
cmos,1,0,0,0,1
metrology,4,0,0,0,4
photovoltaic panels,0,0,0,1,1
detection and area estimation,0,0,0,1,1
partial nonnegative matrix factorization,0,0,0,1,1
demelangeage spectral,0,0,0,1,1
photovoltaique panel,0,0,0,1,1
error,0,0,0,3,3
vhr data,0,0,0,1,1
sketch map,0,2,0,0,2
reference features,0,2,0,0,2
indirect spatial referencing,0,2,0,0,2
thermal effect,1,0,0,0,1
rolling shutter,1,0,0,0,1
acquisition geometry,1,0,0,0,1
dike monitoring,1,0,0,0,1
obturateur roulant,1,0,0,0,1
effet thermique,1,0,0,0,1
géométrie d'acquisition,1,0,0,0,1
cartographie de corridorss,1,0,0,0,1
suivi de digue,1,0,0,0,1
environnement urbain,0,0,0,1,1
bases de données spectrales,0,0,0,1,1
correction atmosphérique,0,0,0,1,1
kaunas,0,0,0,1,1
land data service,0,0,0,1,1
urban land cover,0,0,0,1,1
europe,0,0,0,1,1
sentinel 1,0,0,0,1,1
dinsar,1,0,0,0,1
insar,2,0,0,0,2
imagerie radar,1,0,0,0,1
psi,1,0,0,0,1
déformation,1,0,0,0,1
spark,1,0,1,0,2
cloud computing,1,0,1,0,2
delaunay,1,0,1,0,2
risk map,1,0,0,0,1
environmental index,1,0,0,0,1
syria,1,0,0,0,1
armed conflict,1,0,0,0,1
method,1,0,0,0,1
interférométrie radar différentielle,1,0,0,0,1
déformation du sol,1,0,0,0,1
phénomènes d'origine anthropique,1,0,0,0,1
permanent grasslands,0,0,0,1,1
mowing events,0,0,0,1,1
aerial imagery,0,0,1,1,2
in-situ campaign,0,1,0,1,2
data update,0,1,0,1,2
réalité augmentée,0,0,1,0,1
abstraction,0,0,1,0,1
information systems → geographic information systems,0,0,1,0,1
ccs concepts • computing methodologies → image-based rendering,0,0,1,0,1
digital libraries and archives,0,0,1,0,1
human-centered computing → user interface design,0,0,1,0,1
urban atlas,0,0,0,1,1
urban morpho-types,0,0,0,1,1
urban land- scape,0,0,0,1,1
spot,0,0,0,1,1
index terms-classification,0,0,0,1,1
metadata fitness for use urban land models quality reproducibility,0,1,0,0,1
fitness for use,0,1,0,0,1
urban land models,0,1,0,0,1
reproducibility,0,1,0,0,1
urban materials,0,0,0,2,2
spectral configuration,0,0,0,1,1
sensor assessment,0,0,0,1,1
superspectral,0,0,0,1,1
éférencement spatial indirect,0,1,0,0,1
représentation des connaissances spatiales,0,1,0,0,1
objets de référence,0,1,0,0,1
mise à jour des données,0,1,0,1,2
campagne in-situ,0,1,0,1,2
données d’occupation du sol,0,1,0,1,2
knowledge capitalization,0,1,0,0,1
knowledge management system,0,1,0,0,1
sport events,0,1,0,0,1
knowledge management,0,1,0,0,1
pleiades satellite,1,0,0,0,1
surface roughness,2,0,0,0,2
very high resolution digital elevation model,1,0,0,0,1
asal-ghoubbet rift,1,0,0,0,1
bayesian inversion,1,0,0,0,1
field goniometer,1,0,0,0,1
hapke photometric model,1,0,0,0,1
ague spatial objects,0,1,0,0,1
extended spatial relation,0,2,0,0,2
objets spatiaux vagues,0,2,0,0,2
visual analytics,0,0,1,0,1
user-centric design,0,0,1,0,1
cognition,0,1,3,0,4
mixed reality,0,0,2,0,2
virtual reality,0,0,1,0,1
immersive technologies,0,0,1,0,1
maps temporal visualization,0,0,1,0,1
segregation,0,0,0,1,1
health,0,0,0,1,1
tohoku tsunami,1,0,0,0,1
suspended particulate matter spm,1,0,0,0,1
ocean color,1,0,0,0,1
geostationary ocean color imager goci,1,0,0,0,1
image color analysis,1,0,0,0,1
sea measurements,1,0,0,0,1
tsunami,1,0,0,0,1
oceans,1,0,0,0,1
query image,1,0,0,1,2
summer localization sequence,1,0,0,1,2
winter localization sequence,1,0,0,1,2
night images,1,0,0,1,2
long-term localization scenario,1,0,0,1,2
learning artificial intelligence,1,0,0,1,2
robots,1,0,0,1,2
training,1,0,0,1,2
decoding,1,0,0,1,2
cross-weather,1,0,0,1,2
daytime images,1,0,0,1,2
learning scene geometry,1,0,0,1,2
outdoor large scale image,1,0,0,1,2
cross-season,1,0,0,1,2
learned global image descriptor,1,0,0,1,2
scene geometry information,1,0,0,1,2
depth map,1,0,0,1,2
image colour analysis,1,0,0,1,2
localization accuracy,1,0,0,1,2
scalability,0,0,0,1,1
quality assessments,0,0,0,1,1
estimation de pose de caméra,1,0,0,0,1
excess commuting,0,0,0,1,1
territory,0,0,0,1,1
poster,0,0,0,1,1
continuous generalisation,0,1,0,0,1
smooth zooming,0,1,0,0,1
mental maps,0,1,0,0,1
regulatory urban planning,0,0,0,1,1
variability analysis,0,0,0,1,1
index terms-camera relocalisation,1,0,0,1,2
icp,2,0,0,2,4
multimodal data,1,0,0,1,2
stylization,0,1,1,0,2
handicap,0,1,1,0,2
contextual nonlinear filtering,1,0,0,0,1
coefficient of variation,1,0,0,0,1
adaptative coherent pseudocorrelation,1,0,0,0,1
subbands & subspace decomposition,1,0,0,0,1
paroisses,0,0,0,1,1
digues,1,0,0,0,1
reconnaissance,1,0,0,0,1
auscultation,1,0,0,0,1
prévention,1,0,0,0,1
camera model,1,0,0,0,1
orthoimage,1,0,1,1,3
points d'appui,0,0,0,1,1
modèle numérique de surface,0,0,0,1,1
ortho-image keywords  aerial images,0,0,0,1,1
images aériennes,0,0,0,1,1
variational,0,0,1,0,1
mms,0,0,1,0,1
orthophoto,0,0,1,0,1
diffusion,0,0,1,0,1
inpainting,0,0,5,0,5
sructural health monitoring shm,1,0,0,0,1
shm,1,0,0,0,1
controle de sante structurelle,1,0,0,0,1
pont suspendu,1,0,0,0,1
modele,1,0,0,0,1
pont de brotonne,1,0,0,0,1
surveillance de sante structurale,2,0,0,0,2
systeme de geolocalisation et de navigation par satellites,1,0,0,0,1
modele numerique,1,0,0,0,1
sensor topology,2,0,0,0,2
semantization,1,0,0,0,1
texturing,2,0,0,0,2
surface reconstruc- tion,1,0,0,0,1
orfeo toolbox image processing,0,0,0,1,1
clear‐cuts detection method,0,0,0,1,1
change detection method,0,0,0,1,1
cnes,0,0,0,1,1
optical satellite images,0,0,0,1,1
lieux,0,1,0,1,2
vague spatial objects,0,1,0,0,1
heterogeneous and distributed data,0,1,0,0,1
long-term effects,1,0,0,0,1
conference,1,0,0,0,1
controle,1,0,0,0,1
appareil de mesure,1,0,0,0,1
gestion du patrimoine d'infrastructure,1,0,0,0,1
entretien,1,0,0,0,1
controle non destructif,1,0,0,0,1
instrumentation,9,6,0,0,15
radiométrie des images,1,0,1,0,2
ajustement de fonction,1,0,1,0,2
correction de champ plat,1,0,1,0,2
vignettage,1,0,1,0,2
oriented images,1,0,0,0,1
forme,1,0,0,0,1
probleme inverse,1,0,0,0,1
coupe de graphe,2,0,0,0,2
optimum,1,0,0,0,1
artificialized area,0,0,0,1,1
regularization,5,0,0,6,11
late fusion,0,0,0,1,1
spot 6/7,0,0,0,1,1
decision fusion,0,0,0,1,1
fusion au niveau décision,0,0,0,1,1
fusion tardive,0,0,0,1,1
tache artificialisée,0,0,0,1,1
tache urbaine,0,0,0,1,1
detection,2,0,2,1,5
gravitational waves,0,0,0,1,1
experimental studies of gravity,0,0,0,1,1
cosmology,0,0,0,1,1
gravitation,0,0,0,1,1
distances between histograms,1,0,0,1,2
detection of ruptures,2,0,0,2,4
hypotheses testing,1,0,0,1,2
log-likelihood ratio,1,0,0,1,2
significance level,1,0,0,1,2
topologie capteur,1,0,0,0,1
urban 3d model,0,0,0,1,1
depth,0,0,0,1,1
australia,0,1,0,0,1
centrality,0,1,0,0,1
intermodalism,0,1,0,0,1
port cities,0,1,0,0,1
underground,0,0,1,0,1
in situ,0,0,1,0,1
augmented reality ar,0,0,1,0,1
virtual reality vr,0,0,1,0,1
ground control point,1,0,0,0,1
unmixing,3,0,0,4,7
low-level fusion,1,0,0,1,2
cooperative fusion,1,0,0,1,2
temporal regularization,0,0,0,1,1
conditional random fields,0,0,0,1,1
computing methodologies → anomaly detection,0,1,0,0,1
2012 acm subject classification human-centered computing → collaborative content creation,0,1,0,0,1
outlier detection,0,1,0,0,1
hpc,0,2,3,1,6
partitioning,0,2,2,0,4
collaborative mapping,0,1,0,1,2
visual signature,0,1,1,0,2
communication,0,2,1,0,3
user experience,0,1,1,0,2
design cartographic model,0,1,1,0,2
perception and recognition,0,1,1,0,2
modèle de conception cartographique,0,1,1,0,2
expérience utilisateur,0,1,1,0,2
signature visuelle,0,1,1,0,2
perception et reconnaissance,0,1,1,0,2
simulated annealing,0,1,2,2,5
image-based localization,2,0,0,2,4
learning with side information,1,0,0,1,2
localisation basée image,1,0,0,1,2
apprentissage via des données annexes,1,0,0,1,2
fusion de modalités,1,0,0,1,2
camera relocalisation,1,0,0,1,2
image time series,1,0,0,0,1
multivariate synthetic aperture radar,1,0,0,0,1
geometric differencing,1,0,0,0,1
information fusion,1,0,0,0,1
index termsmulti-wavelets,1,0,0,0,1
radar backscattering coefficient,1,0,0,0,1
interferometric coherence,1,0,0,0,1
temperate mixed forest,1,0,0,0,1
seasonal monitoring,1,0,0,0,1
temperate forest,1,0,0,0,1
phenology,1,0,0,0,1
aerial images,0,0,0,1,1
appariement de graphes,0,0,0,1,1
graphical representation,0,0,1,0,1
geovisualisation,0,1,2,0,3
représentation graphique,0,0,1,0,1
conception,0,0,1,0,1
social networks,0,1,0,0,1
flickr,0,1,1,0,2
reflectance,0,0,2,0,2
depth maps,0,0,3,0,3
total variation,0,0,3,1,4
image-based animation,0,0,1,0,1
animation,0,0,2,0,2
extrinsic data quality assessment,0,1,0,0,1
intrinsic data quality assessment,0,1,0,0,1
crowdsourced data evolution,0,1,0,0,1
point of interest,0,1,0,0,1
crowdsourced data quality,0,1,0,0,1
intégration de données hétérogènes,0,1,0,1,2
secours à la personne,0,1,0,1,2
modélisation floue,0,1,0,1,2
architecture soa,0,1,0,1,2
calibration/synchronization,1,0,0,0,1
unmanned aerial vehicle,1,0,0,0,1
calibration/synchronisation,1,0,0,0,1
métrologie,1,0,0,0,1
spatial similarity measure,0,1,1,0,2
multi-criteria decision,0,2,1,0,3
java programming,0,1,1,0,2
recherche d'images,1,0,0,1,2
iso,1,0,0,0,1
lever-arm,2,0,0,0,2
stacking,1,0,0,0,1
inertial measurement unit,1,0,0,0,1
real-time,1,0,0,0,1
co-design,1,0,0,0,1
traitement,0,0,0,1,1
trains d'ondes,0,0,0,1,1
interactive editing,0,0,1,0,1
sld,0,0,1,1,2
imagerie multispectrale,1,0,0,1,2
sélection d'attributs,1,0,0,1,2
minimisation d'énergie,1,0,0,1,2
délimitation de peuplements forestiers,1,0,0,1,2
analyse de sentiment,0,1,0,1,2
nom de lieu générique,0,1,0,1,2
migration,0,1,0,1,2
républicain espagnol,0,1,0,1,2
custom-made map,0,1,0,1,2
visual property,0,1,0,1,2
visual property statistical feature,0,1,0,1,2
user test,0,1,0,1,2
mcmc,0,1,4,1,6
label placement,0,1,0,0,1
graphical models,1,0,0,1,2
semantic labeling,1,0,0,1,2
passive data,0,2,0,0,2
matrice origine-destination,0,1,0,0,1
enquête déplacements,0,1,0,0,1
données passives,0,1,0,0,1
politique et actions,0,0,0,1,1
mesures,0,0,0,1,1
artificialisation des sols,0,0,0,1,1
processus,0,0,0,1,1
impacts,0,0,0,1,1
déterminants,0,0,0,1,1
rapport,0,0,0,1,1
histoire de l'illustration,0,0,1,0,1
histoire de la typographie,0,0,1,0,1
histoire du livre,0,0,1,0,1
perception and cognition,0,1,1,0,2
interpolation,0,1,1,0,2
cartographic continuum,0,1,1,0,2
tree-like objects,0,0,1,1,2
semantic classification,0,0,1,1,2
soundscape,0,1,0,0,1
sound pleasantness,0,1,0,0,1
perceptive map,0,1,0,0,1
semiology of graphics,0,1,0,0,1
community and crowdsourcing platform,0,1,0,1,2
buffer,0,1,0,0,1
multiple representation,0,1,0,0,1
simplification,0,1,0,0,1
data privacy,0,1,0,0,1
ethics,0,1,0,0,1
legal issues,0,1,0,0,1
touristes,0,1,0,1,2
résidents,0,1,0,1,2
données géolocalisées,0,1,0,1,2
données de téléphonie,0,1,0,1,2
sentiers,0,0,0,1,1
tourism,0,0,0,1,1
minimal partition,0,0,0,1,1
greedy algorithm,0,0,0,1,1
working-set,0,0,0,1,1
mumford shah,0,0,0,1,1
spatial regularization,0,0,0,1,1
belief propagation,0,0,0,1,1
teledetection,0,0,0,1,1
milieu urbain,0,0,0,1,1
constraint solving problems,0,1,0,0,1
hiking route maps,0,1,0,0,1
topographic mapping,0,1,0,0,1
multi-level modeling,0,1,0,0,1
rendering,0,0,1,0,1
continuités écologiques régionales,0,1,0,0,1
systèmes multi-agents,0,1,0,0,1
image-based modeling technique,1,0,0,0,1
smooth transitions,0,1,0,0,1
intermediate representation,0,1,0,0,1
orientation des contours,1,0,0,1,2
descripteurs locaux,1,0,0,1,2
saillance visuelle,1,0,0,1,2
recherche d'images par contenu,1,0,0,1,2
trajectory,0,0,0,1,1
multiple criteria decision,0,1,0,0,1
spatial references,0,0,0,1,1
outdoor recreation activities,0,0,0,1,1
density-based clustering,0,0,0,1,1
interfaces graphiques,0,1,0,0,1
psf,0,0,1,0,1
motion blur,0,0,1,0,1
inertial data,0,0,1,0,1
non-uniform/spatially-varying blur,0,0,1,0,1
fourier transform,1,0,1,0,2
svd,0,0,1,0,1
transformée de fourier,0,0,1,0,1
fonction d’étalement du point,0,0,1,0,1
décomposition en valeurs singulières,0,0,1,0,1
flou non uniforme et spatialement variant,0,0,1,0,1
données inertielles,0,0,1,0,1
flou de bougé,0,0,1,0,1
chunked-lod,0,0,1,0,1
view-dependent lod control,0,0,1,0,1
progressive streaming,0,0,1,0,1
massive rendering,0,0,1,0,1
3d urban models,0,0,1,0,1
ccs concepts • human-centered computing~web-based interaction • human-centered computing~geographic visualization • human-centered computing~visualization toolkits keywords virtual globe,0,0,1,0,1
inference,0,0,0,1,1
procedural,0,0,0,3,3
synthesis,0,0,0,1,1
procédurale,0,0,0,1,1
inférence,0,0,0,1,1
rue,0,0,0,1,1
perspective projection,0,0,1,0,1
3d circles,0,0,1,0,1
generalized cylinders,0,0,1,0,1
geometric reconstruction from single images,0,0,1,0,1
business process,0,2,0,0,2
quality management,0,1,0,0,1
outsourcing,0,2,0,0,2
level of detail,0,2,0,1,3
rdbms,0,0,0,1,1
inverse problem,0,0,0,1,1
procedural modelling,0,0,0,1,1
point cloud server,0,0,0,1,1
streetgen,0,0,0,1,1
niveaux de détails,0,0,0,1,1
démélange spectral/spatial,0,0,0,1,1
fusion de donénes hyperspectrales / lidar,0,0,0,1,1
base de données spectrales,0,0,0,1,1
imagerie hyperspectrale aéroportée,0,0,0,1,1
ogc,0,0,1,1,2
water-level,1,0,0,1,2
edge-detection,1,0,0,1,2
amazon floodplain,1,0,0,1,2
scatterometer data,1,0,0,1,2
synthetic-aperture radar,1,0,0,1,2
wetlands,1,0,0,1,2
terrasar-x,2,0,0,1,3
intégration,0,0,0,2,2
spectral band,0,0,0,1,1
sensor design,0,0,0,2,2
spectral libraries,0,0,0,1,1
swir,0,0,0,1,1
bande spectrale,0,0,0,2,2
contexte environnemental,0,0,0,1,1
donnée hyperspectrale,0,0,0,1,1
task modelling,0,1,0,0,1
context,0,1,0,0,1
specification,0,1,0,0,1
user-generated,0,1,0,0,1
orthophotography,0,0,1,0,1
pipeline,0,0,1,0,1
orthophotographie,0,0,1,0,1
route,0,0,1,0,1
scan laser mobile,0,0,1,0,1
data capture rules,0,1,0,1,2
spécifications de saisie,0,1,0,1,2
crown delineation,0,0,0,1,1
individual tree extraction,0,0,0,1,1
carbon,0,0,0,1,1
multi-layered forest structure,0,0,0,1,1
airborne laser scanning,0,0,0,1,1
airborne lidar data processing,0,0,0,1,1
coastal area,0,0,1,0,1
opengl,0,0,1,0,1
tides,0,0,1,0,1
legibility,0,2,1,0,3
complexity,0,2,1,0,3
clutter,0,2,1,0,3
lisibilité,0,1,1,0,2
complexité,0,1,1,0,2
point based rendering,0,0,1,0,1
webgl,0,0,2,0,2
street- view,0,0,1,0,1
geographic names,0,1,0,0,1
toponyms,0,1,0,0,1
théorie des graphes,0,0,0,1,1
local bundle adjustment,0,0,1,0,1
ajustement de faisceaux local,0,0,1,0,1
marquages au sol,0,0,1,0,1
amers visuels,0,0,1,0,1
big- data,0,0,1,0,1
pointcloud,0,0,1,0,1
navigation immersive,0,0,1,0,1
framework,0,0,1,0,1
javascript,0,0,1,0,1
large scale mapping,0,0,0,2,2
mountaneous areas,0,0,0,1,1
airborne,0,0,0,2,2
analysis,2,0,2,0,4
photogrametry,1,0,0,0,1
modelisation 3d,1,0,0,0,1
web corpus,0,1,0,0,1
subjective place,0,1,0,0,1
toponym,0,1,0,0,1
polarimetry,2,0,0,2,4
haralick,1,0,0,0,1
wavelet transform,1,0,0,0,1
texture,1,0,0,0,1
cartographie de la végétation,1,0,0,0,1
polarimétrie,1,0,0,0,1
indexes,0,0,0,1,1
experimentation,0,0,0,1,1
geographical databases,0,0,0,2,2
apprentissage actif,0,0,0,1,1
parcelles agricoles,0,0,0,1,1
très haute résolution spatiale,0,0,0,1,1
pléiades,0,0,0,1,1
strokes,0,1,0,0,1
structures,0,1,0,0,1
railway network,0,1,0,0,1
integration de donnees,0,1,0,0,1
graph-cuts,1,0,1,0,2
itinerary reconstruction,0,2,0,0,2
minimum spanning tree,0,1,0,0,1
debruitage,1,0,0,0,1
distances,1,0,0,1,2
angle histogram,1,0,0,1,2
occupancy grids,1,0,1,0,2
point-to-triangle distance,1,0,1,0,2
k-d tree,1,0,1,0,2
toponymie / écologie historique / carte de répartition / changement climatique / fagus sylvatica,0,1,0,0,1
glaciological instruments and methods,1,0,0,0,1
glacier mapping,1,0,0,0,1
glacier flow,1,0,0,0,1
applied glaciology,1,0,0,0,1
optical images,1,0,0,2,3
speckle,0,0,0,1,1
optique multispectral,0,0,0,1,1
radar polarimétrique,0,0,0,1,1
algorithme,0,0,0,1,1
enveloppe,0,0,0,1,1
multi-level mas,0,1,0,0,1
mas design,0,1,0,0,1
situated agents,0,1,0,0,1
sma multi-niveaux,0,1,0,0,1
conception de sma,0,1,0,0,1
octree,1,0,1,0,2
delay,1,0,0,0,1
polarimetric decomposition,1,0,0,1,2
index terms-unmixing,1,0,0,1,2
scalemaster 20,0,1,0,0,1
mrdb,0,1,0,0,1
functional space,0,0,0,1,1
espace fonctionnel,0,0,0,1,1
opening detection,1,0,1,1,3
aerial,1,0,1,1,3
vertical imagery,1,0,1,1,3
feature,1,0,1,1,3
geographic features,0,0,0,1,1
multi-view stereophotogrammetry,1,0,0,0,1
landslide,1,0,0,0,1
displacement monitoring,1,0,0,0,1
crédit,0,0,0,1,1
saint-jean-de-latran,0,0,0,1,1
histoire urbaine,0,0,0,1,1
water vapor,1,0,0,0,1
raman lidar,1,0,0,0,1
constraints solving,0,2,0,0,2
spatialised problems,0,2,0,0,2
multi-level modelling,0,2,0,0,2
toponym resolution,0,1,0,0,1
expression of motion,0,1,0,0,1
point process,0,0,1,1,2
corrélationdense,1,0,0,0,1
photogrammétrie rapprochée,1,0,0,0,1
chézy sur marne,1,0,0,0,1
fouille préhistorique,1,0,0,0,1
gps and vhf localizations,0,0,0,1,1
obstacle,0,0,0,1,1
spatial preference,0,0,0,1,1
aménagement du territoire,0,0,0,1,1
localisations gps et vhf,0,0,0,1,1
bases de données géographiques,0,0,0,1,1
préférence spatiale,0,0,0,1,1
lidar aéroporté,0,0,0,1,1
biomasse aérienne,0,0,0,1,1
forêt multi-couche,0,0,0,1,1
energy,0,0,1,1,2
stochastic model,0,0,1,0,1
local maxima filtering,0,0,1,0,1
single tree detection,0,0,1,0,1
old maps,0,0,0,2,2
carte ancienne,0,0,0,2,2
urban local plan,0,0,0,1,1
3d geographic data,0,0,0,1,1
génération de bâtiments,0,0,0,1,1
données géographiques 3d,0,0,0,1,1
multi-scale visualization,0,0,0,1,1
interconnection,0,0,0,1,1
geographic reference,0,0,0,1,1
référentiel géographique,0,0,0,1,1
interconnexion,0,0,0,1,1
brouillard,2,0,0,0,2
distance de visibilite,1,0,0,0,1
traitement des images,1,0,0,0,1
espace géographique,0,0,0,1,1
trajectoires,0,0,0,1,1
multi-view,0,0,1,0,1
conic reconstruction,0,0,1,0,1
processus ponctuels marqués,0,0,0,1,1
bâtiments,0,0,0,1,1
imagerie satellitaire à très haute résolution,0,0,0,1,1
enquête mobilité,0,0,1,0,1
évaluation,0,0,1,0,1
coordinates reference systems,0,0,0,1,1
systèmes de référence de coordonnées,0,0,0,1,1
administrative units,0,1,0,1,2
unités administratives,0,1,0,1,2
support vector machines,0,0,0,1,1
seashore,0,0,0,1,1
point cloud registration,0,0,0,1,1
neighborhood change detection,0,0,0,1,1
dimensionality,0,0,0,1,1
eigenvalues,0,0,0,1,1
fauna movement,0,0,0,1,1
cartographie conforme,1,0,0,0,1
point homologue,1,0,0,0,1
stéréo,1,0,0,0,1
sift,1,0,0,0,1
image restauration,1,0,0,0,1
restauration d'image,1,0,0,0,1
material optical properties,1,0,0,1,2
high spatial and spectral resolution,1,0,0,1,2
field campaign,1,0,0,1,2
imagerie aeroportee,1,0,0,1,2
campagne experimentale,1,0,0,1,2
proprietes optiques des materiaux,1,0,0,1,2
milieux urbains,1,0,0,1,2
haute resolution spatiale et spectrale,1,0,0,1,2
geometric primitives,0,1,0,1,2
primitives géométriques,0,1,0,1,2
multi-view stereo,0,0,1,0,1
jump-diffusion,0,0,1,0,1
hybrid representation,0,0,1,0,1
hierarchical object model,0,0,1,1,2
dem/dtm,1,0,1,0,2
multi-representation database,0,1,0,0,1
scalemaster,0,1,0,0,1
esthétique,0,0,1,0,1
couleurs,0,0,1,0,1
sémiotique visuelle,0,0,1,0,1
thematic dataset,0,0,0,1,1
reference data,0,0,0,1,1
données de référence,0,0,0,1,1
dataset de référence géographique,0,0,0,1,1
ensemble de données thématique,0,0,0,1,1
ressource lexicale,0,1,0,0,1
bdnyme,0,1,0,0,1
écriture des topony mes,0,1,0,0,1
information spatiale,0,1,0,0,1
toponyme,0,1,0,0,1
image correlation,1,0,0,0,1
volcanic terrains,1,0,0,0,1
roughness anisotropy,1,0,0,0,1
microtopography,1,0,0,0,1
shape,0,1,0,0,1
conflation,0,1,0,0,1
satellite stereoscopic images,1,0,0,0,1
lod1 3d city model,0,0,1,0,1
projective multi-texturing,0,0,1,0,1
geographie,0,0,0,1,1
spatiotemporal filtering,0,1,0,0,1
flow mapping,0,1,0,0,1
human migration,0,1,0,0,1
matrice origine destination,0,1,0,0,1
2d topographic database,0,0,0,1,1
updating,0,0,0,1,1
3d geometric model,1,0,0,0,1
non-rigid registration,1,0,0,0,1
modèle géométrique 3d,1,0,0,0,1
recalage non-rigide,1,0,0,0,1
similarity search,1,0,0,1,2
symbolic images,1,0,0,1,2
3d modelling,1,0,1,0,2
corese,0,1,0,0,1
règles,0,1,0,0,1
ontologie cartographique,0,1,0,0,1
légende,0,1,1,0,2
columbus,0,1,0,0,1
ohio,0,1,0,0,1
united states hal-02290913,0,1,0,0,1
systèmes d'information géographiques,0,1,0,0,1
traitement de données géographiques,0,1,0,0,1
mise en correspondance,1,0,0,0,1
régularisation spatiale,1,0,0,0,1
stéréoscopie,1,0,0,0,1
specifications,0,0,0,1,1
topographic databases integration,0,0,0,1,1
intégration de bases de données topographiques,0,0,0,1,1
spécifications,0,0,0,1,1
appariement de schémas,0,0,0,1,1
generic c++ library,0,0,1,0,1
urban water,0,0,0,1,1
contaminant,0,0,0,1,1
methodology,0,0,0,1,1
runoff,0,0,0,1,1
rooﬁng materials,0,0,0,1,1
shape representation,0,0,0,1,1
point data,0,0,0,1,1
markov random field,0,0,0,1,1
social welfare,0,1,0,0,1
terrestrial images,0,0,1,0,1
environment map,0,0,1,0,1
illumination,0,0,1,0,1
sky radiance,0,0,1,0,1
données localisées,0,0,0,1,1
système d'information / information system,0,1,0,0,1
management de la connaissance,0,1,0,0,1
scattering mechanisms,1,0,0,1,2
sharpening,1,0,0,1,2
fauna movements,0,0,0,1,1
high-scale data,0,0,0,1,1
multi-camera panoramic head,1,0,0,0,1
off-line calibration,1,0,0,0,1
on-line calibration,1,0,0,0,1
panoramic head calibration with very low image overlap,1,0,0,0,1
evaluation metric,0,1,0,0,1
social network,0,1,0,0,1
multi-agents systems,0,1,0,0,1
gisciences,0,1,0,0,1
contraintes,0,1,0,0,1
système multi-agent,0,1,0,0,1
knowledge transfer,0,1,0,0,1
information system development life cycle,0,1,0,0,1
connaissances,0,1,0,0,1
capacité d’absorption,0,1,0,0,1
externalisation,0,1,0,0,1
transfert de connaissances,0,1,0,0,1
qualite des processus,0,1,0,0,1
processus metier,0,1,0,0,1
spatial problem resolution,0,1,0,0,1
multi-level,0,1,0,0,1
dynamic entity creation,0,1,0,0,1
résolution de problème spatial,0,1,0,0,1
observation,0,1,0,0,1
multi-niveau,0,1,0,0,1
création dynamique d'entités,0,1,0,0,1
marked point process,0,0,1,0,1
energetic modelling,0,0,1,0,1
processus ponctuel marqué,0,0,1,0,1
modélisation énergétique,0,0,1,0,1
emprise de bâtiment,0,0,1,0,1
modèle numérique d’élevation,0,0,1,0,1
atmosphere monitoring with geodetic techniques,1,0,0,0,1
troposphere composition and chemistry,1,0,0,0,1
processus métier,0,1,0,0,1
système d'information,0,1,0,0,1
qualite,0,1,0,0,1
geographical information infrastructures,0,1,0,0,1
infrastructures d'information géographique,0,1,0,0,1
cogit,0,0,1,0,1
colour,0,0,1,0,1
human-machine dialog,0,0,1,0,1
harmony,0,0,1,0,1
contrast,0,0,1,0,1
legend design,0,0,1,0,1
cartes symboles,0,0,1,0,1
systèmes d'information géographique sig,0,0,1,0,1
contraste,0,0,1,0,1
cartes,0,0,1,0,1
couleur,0,0,1,0,1
conception de légendes,0,0,1,0,1
saillance,0,0,1,0,1
graphical interfaces,0,0,0,1,1
user specifications,0,0,0,1,1
web services,0,0,0,1,1
semiology,0,0,0,1,1
calcul parallèle,1,0,0,0,1
non-linéaire géométrique,1,0,0,0,1
post-flambage,1,0,0,0,1
décomposition de domaine,1,0,0,0,1
computer graphics,0,0,0,1,1
information géographiqe,1,1,0,0,2
bd carto,1,0,0,0,1
georoute,1,0,0,0,1
bd topo,1,0,0,0,1
bd alti,1,0,0,0,1
